{
  "accuracy": 0.4166666666666667,
  "balanced_accuracy": 0.4336907176663769,
  "macro_precision": 0.6190476190476191,
  "macro_recall": 0.4336907176663769,
  "macro_f1": 0.3713433772755807,
  "micro_precision": 0.4166666666666667,
  "micro_recall": 0.4166666666666667,
  "micro_f1": 0.4166666666666667,
  "num_predicted": 60,
  "num_gold": 60,
  "class_1_precision": 1.0,
  "class_1_recall": 0.14285714285714285,
  "class_1_f1": 0.25,
  "class_1_support": 14,
  "class_1_pred_count": 2,
  "class_1_pred_pct": 0.03333333333333333,
  "class_1_gold_count": 14,
  "class_1_gold_pct": 0.23333333333333334,
  "class_2_precision": 0.5,
  "class_2_recall": 0.27586206896551724,
  "class_2_f1": 0.35555555555555557,
  "class_2_support": 29,
  "class_2_pred_count": 16,
  "class_2_pred_pct": 0.26666666666666666,
  "class_2_gold_count": 29,
  "class_2_gold_pct": 0.48333333333333334,
  "class_3_precision": 0.35714285714285715,
  "class_3_recall": 0.8823529411764706,
  "class_3_f1": 0.5084745762711864,
  "class_3_support": 17,
  "class_3_pred_count": 42,
  "class_3_pred_pct": 0.7,
  "class_3_gold_count": 17,
  "class_3_gold_pct": 0.2833333333333333
}