run,run_name,response_jsonl,accuracy,micro_f1,balanced_accuracy,macro_f1,class_1_f1,class_2_f1,class_3_f1,class_1_pred_pct,class_2_pred_pct,class_3_pred_pct,class_1_gold_pct,class_2_gold_pct,class_3_gold_pct,num_predicted,num_gold
data_responses_nottingham_online_image_only_results,Image Only,data/responses/nottingham_online_image_only_results.jsonl,0.4166666666666667,0.4166666666666667,0.4336907176663769,0.3713433772755807,0.25,0.35555555555555557,0.5084745762711864,0.03333333333333333,0.26666666666666666,0.7,0.23333333333333334,0.48333333333333334,0.2833333333333333,60,60
data_responses_nottingham_online_non_image_only_results,Non-Image Features Only,data/responses/nottingham_online_non_image_only_results.jsonl,0.4,0.4,0.3813387423935091,0.3137254901960784,0.0,0.43137254901960786,0.5098039215686274,0.06666666666666667,0.36666666666666664,0.5666666666666667,0.23333333333333334,0.48333333333333334,0.2833333333333333,60,60
data_responses_nottingham_online_results,Cropped Image Multi-modal,data/responses/nottingham_online_results.jsonl,0.4666666666666667,0.4666666666666667,0.4354293441514537,0.3522012578616352,0.0,0.5283018867924528,0.5283018867924528,0.0,0.4,0.6,0.23333333333333334,0.48333333333333334,0.2833333333333333,60,60
data_responses_nottingham_online_results_3_flash,Cropped Image MM (Gemini 3 Flash),data/responses/nottingham_online_results_3_flash.jsonl,0.6166666666666667,0.6166666666666667,0.5511928909494832,0.49947089947089945,0.13333333333333333,0.6984126984126984,0.6666666666666666,0.016666666666666666,0.5666666666666667,0.4166666666666667,0.23333333333333334,0.48333333333333334,0.2833333333333333,60,60
data_batch_responses_rgb_eval_gemini_2_5_flash,Full Image Multi-modal,data/batch_responses/rgb_eval_gemini_2_5_flash.jsonl,0.43333333333333335,0.43333333333333335,0.4124408384043272,0.32666666666666666,0.0,0.48,0.5,0.0,0.35,0.65,0.23333333333333334,0.48333333333333334,0.2833333333333333,60,60
