{
  "accuracy": 0.4666666666666667,
  "balanced_accuracy": 0.4354293441514537,
  "macro_precision": 0.3240740740740741,
  "macro_recall": 0.4354293441514537,
  "macro_f1": 0.3522012578616352,
  "micro_precision": 0.4666666666666667,
  "micro_recall": 0.4666666666666667,
  "micro_f1": 0.4666666666666667,
  "num_predicted": 60,
  "num_gold": 60,
  "class_1_precision": 0.0,
  "class_1_recall": 0.0,
  "class_1_f1": 0.0,
  "class_1_support": 14,
  "class_1_pred_count": 0,
  "class_1_pred_pct": 0.0,
  "class_1_gold_count": 14,
  "class_1_gold_pct": 0.23333333333333334,
  "class_2_precision": 0.5833333333333334,
  "class_2_recall": 0.4827586206896552,
  "class_2_f1": 0.5283018867924528,
  "class_2_support": 29,
  "class_2_pred_count": 24,
  "class_2_pred_pct": 0.4,
  "class_2_gold_count": 29,
  "class_2_gold_pct": 0.48333333333333334,
  "class_3_precision": 0.3888888888888889,
  "class_3_recall": 0.8235294117647058,
  "class_3_f1": 0.5283018867924528,
  "class_3_support": 17,
  "class_3_pred_count": 36,
  "class_3_pred_pct": 0.6,
  "class_3_gold_count": 17,
  "class_3_gold_pct": 0.2833333333333333
}