class_label,precision,recall,f1,support
1,1.0,0.07142857142857142,0.13333333333333333,14
2,0.6470588235294118,0.7586206896551724,0.6984126984126984,29
3,0.56,0.8235294117647058,0.6666666666666666,17
