{
  "accuracy": 0.43333333333333335,
  "balanced_accuracy": 0.4124408384043272,
  "macro_precision": 0.31013431013431014,
  "macro_recall": 0.4124408384043272,
  "macro_f1": 0.32666666666666666,
  "micro_precision": 0.43333333333333335,
  "micro_recall": 0.43333333333333335,
  "micro_f1": 0.43333333333333335,
  "num_predicted": 60,
  "num_gold": 60,
  "class_1_precision": 0.0,
  "class_1_recall": 0.0,
  "class_1_f1": 0.0,
  "class_1_support": 14,
  "class_1_pred_count": 0,
  "class_1_pred_pct": 0.0,
  "class_1_gold_count": 14,
  "class_1_gold_pct": 0.23333333333333334,
  "class_2_precision": 0.5714285714285714,
  "class_2_recall": 0.41379310344827586,
  "class_2_f1": 0.48,
  "class_2_support": 29,
  "class_2_pred_count": 21,
  "class_2_pred_pct": 0.35,
  "class_2_gold_count": 29,
  "class_2_gold_pct": 0.48333333333333334,
  "class_3_precision": 0.358974358974359,
  "class_3_recall": 0.8235294117647058,
  "class_3_f1": 0.5,
  "class_3_support": 17,
  "class_3_pred_count": 39,
  "class_3_pred_pct": 0.65,
  "class_3_gold_count": 17,
  "class_3_gold_pct": 0.2833333333333333
}