{
  "accuracy": 0.43333333333333335,
  "balanced_accuracy": 0.4124408384043272,
  "macro_precision": 0.31013431013431014,
  "macro_recall": 0.4124408384043272,
  "macro_f1": 0.32666666666666666,
  "micro_precision": 0.43333333333333335,
  "micro_recall": 0.43333333333333335,
  "micro_f1": 0.43333333333333335,
  "num_predicted": 60,
  "num_gold": 60
}