class_label,precision,recall,f1,support
1,0.0,0.0,0.0,14
2,0.5,0.3793103448275862,0.43137254901960786,29
3,0.38235294117647056,0.7647058823529411,0.5098039215686274,17
