class_label,precision,recall,f1,support
1,1.0,0.14285714285714285,0.25,14
2,0.5,0.27586206896551724,0.35555555555555557,29
3,0.35714285714285715,0.8823529411764706,0.5084745762711864,17
