class_label,precision,recall,f1,support
1,0.0,0.0,0.0,14
2,0.5714285714285714,0.41379310344827586,0.48,29
3,0.358974358974359,0.8235294117647058,0.5,17
