{
  "accuracy": 0.4,
  "balanced_accuracy": 0.3813387423935091,
  "macro_precision": 0.29411764705882354,
  "macro_recall": 0.3813387423935091,
  "macro_f1": 0.3137254901960784,
  "micro_precision": 0.4,
  "micro_recall": 0.4,
  "micro_f1": 0.4,
  "num_predicted": 60,
  "num_gold": 60,
  "class_1_precision": 0.0,
  "class_1_recall": 0.0,
  "class_1_f1": 0.0,
  "class_1_support": 14,
  "class_1_pred_count": 4,
  "class_1_pred_pct": 0.06666666666666667,
  "class_1_gold_count": 14,
  "class_1_gold_pct": 0.23333333333333334,
  "class_2_precision": 0.5,
  "class_2_recall": 0.3793103448275862,
  "class_2_f1": 0.43137254901960786,
  "class_2_support": 29,
  "class_2_pred_count": 22,
  "class_2_pred_pct": 0.36666666666666664,
  "class_2_gold_count": 29,
  "class_2_gold_pct": 0.48333333333333334,
  "class_3_precision": 0.38235294117647056,
  "class_3_recall": 0.7647058823529411,
  "class_3_f1": 0.5098039215686274,
  "class_3_support": 17,
  "class_3_pred_count": 34,
  "class_3_pred_pct": 0.5666666666666667,
  "class_3_gold_count": 17,
  "class_3_gold_pct": 0.2833333333333333
}