class_label,precision,recall,f1,support
1,0.0,0.0,0.0,14
2,0.5833333333333334,0.4827586206896552,0.5283018867924528,29
3,0.3888888888888889,0.8235294117647058,0.5283018867924528,17
