{
  "accuracy": 0.6166666666666667,
  "balanced_accuracy": 0.5511928909494832,
  "macro_precision": 0.735686274509804,
  "macro_recall": 0.5511928909494832,
  "macro_f1": 0.49947089947089945,
  "micro_precision": 0.6166666666666667,
  "micro_recall": 0.6166666666666667,
  "micro_f1": 0.6166666666666667,
  "num_predicted": 60,
  "num_gold": 60
}