{
  "accuracy": 0.4166666666666667,
  "balanced_accuracy": 0.4336907176663769,
  "macro_precision": 0.6190476190476191,
  "macro_recall": 0.4336907176663769,
  "macro_f1": 0.3713433772755807,
  "micro_precision": 0.4166666666666667,
  "micro_recall": 0.4166666666666667,
  "micro_f1": 0.4166666666666667,
  "num_predicted": 60,
  "num_gold": 60
}