{
  "accuracy": 0.6166666666666667,
  "balanced_accuracy": 0.5511928909494832,
  "macro_precision": 0.735686274509804,
  "macro_recall": 0.5511928909494832,
  "macro_f1": 0.49947089947089945,
  "micro_precision": 0.6166666666666667,
  "micro_recall": 0.6166666666666667,
  "micro_f1": 0.6166666666666667,
  "num_predicted": 60,
  "num_gold": 60,
  "class_1_precision": 1.0,
  "class_1_recall": 0.07142857142857142,
  "class_1_f1": 0.13333333333333333,
  "class_1_support": 14,
  "class_1_pred_count": 1,
  "class_1_pred_pct": 0.016666666666666666,
  "class_1_gold_count": 14,
  "class_1_gold_pct": 0.23333333333333334,
  "class_2_precision": 0.6470588235294118,
  "class_2_recall": 0.7586206896551724,
  "class_2_f1": 0.6984126984126984,
  "class_2_support": 29,
  "class_2_pred_count": 34,
  "class_2_pred_pct": 0.5666666666666667,
  "class_2_gold_count": 29,
  "class_2_gold_pct": 0.48333333333333334,
  "class_3_precision": 0.56,
  "class_3_recall": 0.8235294117647058,
  "class_3_f1": 0.6666666666666666,
  "class_3_support": 17,
  "class_3_pred_count": 25,
  "class_3_pred_pct": 0.4166666666666667,
  "class_3_gold_count": 17,
  "class_3_gold_pct": 0.2833333333333333
}