{
  "balanced_accuracy": 0.4124408384043272,
  "macro_f1": 0.32666666666666666,
  "num_predicted": 60,
  "num_gold": 60
}